flight_id,origin,destination,departure_time,arrival_time,block_time,dist_km,passenger_count,business_pax,leisure_pax,load_factor,aircraft_id,ac_type,ac_capacity,crew_id,revenue_tl,fuel_cost_tl,co2_kg,op_cost_tl,delay_cost_per_min,engine_health,is_night_flight,pax_connection_count,gate_id,pax_mobility_index
TK2000,IST,ESB,2024-06-01 20:42:00+00:00,2024-06-01 21:42:00+00:00,60,325,167,20,147,0.799,AC_010,A321neo,210,CR_086,246400,6551.082515264443,682.5,7800,500,0.838,0,40,D24,0.91
TK2001,IST,ADB,2024-06-01 15:29:00+00:00,2024-06-01 16:24:00+00:00,55,335,253,25,228,0.875,AC_020,B787-9,290,CR_063,361100,11368.667542432926,904.5000000000001,11500,500,0.885,0,26,F25,0.82
TK2002,IST,AYT,2024-06-01 05:27:00+00:00,2024-06-01 06:37:00+00:00,70,480,171,20,151,0.819,AC_002,A321neo,210,CR_115,251200,9701.272570257115,1008.0,7800,500,0.958,1,11,F21,0.86
TK2003,IST,GNY,2024-06-01 19:13:00+00:00,2024-06-01 20:18:00+00:00,65,420,205,32,173,0.709,AC_025,B787-9,290,CR_008,319600,13940.540976453103,1134.0,11500,500,0.729,0,24,G28,0.86
TK2004,IST,KYA,2024-06-01 12:46:00+00:00,2024-06-01 14:11:00+00:00,85,550,192,18,174,0.665,AC_001,B787-9,290,CR_003,271800,18144.73917789411,1485.0,11500,500,0.828,0,46,D4,0.8
TK2005,ESB,IST,2024-06-01 16:33:00+00:00,2024-06-01 17:33:00+00:00,60,325,224,26,198,0.714,AC_013,A350-900,314,CR_099,328600,11513.292736903875,780.0,13200,800,0.918,0,19,B8,0.89
TK2006,ADB,IST,2024-06-01 20:20:00+00:00,2024-06-01 21:15:00+00:00,55,335,155,25,130,0.741,AC_024,A321neo,210,CR_025,243500,6700.1070743885075,703.5,7800,800,0.784,0,49,G29,0.95
TK2007,AYT,IST,2024-06-01 22:23:00+00:00,2024-06-01 23:33:00+00:00,70,480,223,26,197,0.771,AC_023,B787-9,290,CR_007,327400,16065.805460394697,1296.0,11500,800,0.704,1,21,A8,0.93
TK2008,GNY,IST,2024-06-01 04:38:00+00:00,2024-06-01 05:43:00+00:00,65,420,216,35,181,0.746,AC_033,A330-300,290,CR_011,339700,13076.81079528096,1218.0,10800,800,0.729,1,27,D24,0.92
TK2009,KYA,IST,2024-06-01 07:34:00+00:00,2024-06-01 08:59:00+00:00,85,550,140,17,123,0.67,AC_046,A321neo,210,CR_100,207100,10894.422656457675,1155.0,7800,800,0.914,0,5,A5,0.89
TK2010,IST,LHR,2024-06-01 12:08:00+00:00,2024-06-01 15:53:00+00:00,225,2525,230,28,202,0.795,AC_031,A330-300,290,CR_050,340400,79135.26970285518,7322.5,10800,800,0.891,0,36,F4,0.98
TK2011,IST,CDG,2024-06-01 09:42:00+00:00,2024-06-01 13:02:00+00:00,200,2259,172,17,155,0.823,AC_031,A321neo,210,CR_012,245500,45683.649434490966,4743.900000000001,7800,500,0.88,0,26,F28,0.98
TK2012,IST,FRA,2024-06-01 14:05:00+00:00,2024-06-01 17:15:00+00:00,190,2110,139,16,123,0.741,AC_010,B737-8,189,CR_061,203600,37510.92014455626,4220.0,6500,500,0.797,0,32,B25,0.83
TK2013,IST,MUC,2024-06-01 06:56:00+00:00,2024-06-01 10:21:00+00:00,205,2285,226,36,190,0.781,AC_002,B787-9,290,CR_104,354000,76579.0500165709,6169.5,11500,500,0.702,1,12,B27,0.85
TK2014,LHR,IST,2024-06-01 05:43:00+00:00,2024-06-01 09:43:00+00:00,240,2525,164,16,148,0.783,AC_040,A321neo,210,CR_087,233600,50790.540268863166,5302.5,7800,800,0.821,1,53,B12,0.81
TK2015,CDG,IST,2024-06-01 07:48:00+00:00,2024-06-01 11:23:00+00:00,215,2259,163,29,134,0.779,AC_048,A321neo,210,CR_058,262300,45416.09023812175,4743.900000000001,7800,800,0.993,0,32,A23,0.82
TK2016,FRA,IST,2024-06-01 07:01:00+00:00,2024-06-01 10:26:00+00:00,205,2110,130,17,113,0.69,AC_003,B737-8,189,CR_118,195100,37254.411348269656,4220.0,6500,800,0.724,0,21,F38,0.84
TK2017,MUC,IST,2024-06-01 14:10:00+00:00,2024-06-01 17:50:00+00:00,220,2285,176,28,148,0.839,AC_032,A321neo,210,CR_015,275600,46307.52548232606,4798.5,7800,800,0.745,0,10,B16,0.76
TK2018,IST,DXB,2024-06-01 15:18:00+00:00,2024-06-01 19:58:00+00:00,280,3000,185,21,164,0.886,AC_040,A321neo,210,CR_070,270300,61172.55376307087,6300.0,7800,500,0.907,0,43,G18,0.96
TK2019,IST,JFK,2024-06-01 15:49:00+00:00,2024-06-02 02:39:00+00:00,650,8055,236,40,196,0.814,AC_041,A330-300,290,CR_093,375200,253085.85399198832,23359.5,10800,800,0.777,0,20,D26,1.0
TK2020,DXB,IST,2024-06-01 07:00:00+00:00,2024-06-01 11:25:00+00:00,265,3000,178,20,158,0.85,AC_018,A321neo,210,CR_098,259600,60888.20202533649,6300.0,7800,800,0.918,0,7,G20,0.97
TK2021,JFK,IST,2024-06-01 14:10:00+00:00,2024-06-01 23:50:00+00:00,580,8055,235,40,195,0.811,AC_037,A330-300,290,CR_035,374000,252986.17398300392,23359.5,10800,800,0.901,0,39,A25,0.92
TK2022,IST,ESB,2024-06-01 06:17:00+00:00,2024-06-01 07:17:00+00:00,60,325,192,34,158,0.665,AC_032,B787-9,290,CR_099,308600,10722.301771731865,877.5000000000001,11500,500,0.705,1,18,G21,0.79
TK2023,IST,ADB,2024-06-01 15:02:00+00:00,2024-06-01 15:57:00+00:00,55,335,165,24,141,0.788,AC_047,A321neo,210,CR_032,253200,6742.631032079842,703.5,7800,500,0.728,0,26,G22,0.81
TK2024,IST,AYT,2024-06-01 09:53:00+00:00,2024-06-01 11:03:00+00:00,70,480,252,28,224,0.804,AC_027,A350-900,314,CR_096,366800,17213.25478922029,1152.0,13200,500,0.901,0,37,A5,0.81
TK2025,IST,GNY,2024-06-01 13:48:00+00:00,2024-06-01 14:53:00+00:00,65,420,162,13,149,0.775,AC_027,A321neo,210,CR_043,224300,8438.721261940273,882.0,7800,500,0.841,0,50,G6,0.84
TK2026,IST,KYA,2024-06-01 19:48:00+00:00,2024-06-01 21:13:00+00:00,85,550,221,39,182,0.765,AC_020,B787-9,290,CR_115,354900,18392.769735010766,1485.0,11500,500,0.757,0,37,F3,0.79
TK2027,ESB,IST,2024-06-01 19:57:00+00:00,2024-06-01 20:57:00+00:00,60,325,172,29,143,0.822,AC_023,A321neo,210,CR_045,273100,6571.18344011705,682.5,7800,800,0.763,0,51,B22,0.84
TK2028,ADB,IST,2024-06-01 07:25:00+00:00,2024-06-01 08:20:00+00:00,55,335,175,26,149,0.835,AC_038,A321neo,210,CR_047,269800,6785.165138164155,703.5,7800,800,0.788,0,30,B35,0.81
TK2029,AYT,IST,2024-06-01 05:06:00+00:00,2024-06-01 06:16:00+00:00,70,480,176,22,154,0.843,AC_019,A321neo,210,CR_044,261800,9732.071732526027,1008.0,7800,800,0.895,1,50,B16,0.76
TK2030,GNY,IST,2024-06-01 03:33:00+00:00,2024-06-01 04:38:00+00:00,65,420,137,11,126,0.727,AC_021,B737-8,189,CR_024,189700,7452.413719219769,840.0,6500,800,0.877,1,26,A6,0.83
TK2031,KYA,IST,2024-06-01 08:07:00+00:00,2024-06-01 09:32:00+00:00,85,550,131,20,111,0.626,AC_043,A321neo,210,CR_107,203200,10829.257822280935,1155.0,7800,800,0.887,0,8,A6,0.76
TK2032,IST,LHR,2024-06-01 13:54:00+00:00,2024-06-01 17:39:00+00:00,225,2525,171,21,150,0.816,AC_025,A321neo,210,CR_057,253500,51011.11806662356,5302.5,7800,800,0.708,0,27,D9,0.92
TK2033,IST,CDG,2024-06-01 18:46:00+00:00,2024-06-01 22:06:00+00:00,200,2259,229,24,205,0.791,AC_047,B787-9,290,CR_117,330000,75806.34932726706,6099.3,11500,500,0.755,0,49,F1,0.99
TK2034,IST,FRA,2024-06-01 13:21:00+00:00,2024-06-01 16:31:00+00:00,190,2110,218,20,198,0.753,AC_013,A330-300,290,CR_028,307600,65750.04698342702,6119.0,10800,500,0.728,0,51,F30,0.96
TK2035,IST,MUC,2024-06-01 11:25:00+00:00,2024-06-01 14:50:00+00:00,205,2285,231,36,195,0.799,AC_038,A330-300,290,CR_084,360000,71649.52716952462,6626.5,10800,500,0.804,0,34,A37,0.85
TK2036,LHR,IST,2024-06-01 14:33:00+00:00,2024-06-01 18:33:00+00:00,240,2525,170,22,148,0.81,AC_003,A321neo,210,CR_108,254600,50972.669571772785,5302.5,7800,800,0.885,0,20,G2,0.76
TK2037,CDG,IST,2024-06-01 19:23:00+00:00,2024-06-01 22:58:00+00:00,215,2259,174,25,149,0.83,AC_032,A321neo,210,CR_034,266300,45725.86704256927,4743.900000000001,7800,800,0.837,0,47,B37,0.91
TK2038,FRA,IST,2024-06-01 14:42:00+00:00,2024-06-01 18:07:00+00:00,205,2110,151,13,138,0.801,AC_028,B737-8,189,CR_007,211100,37817.47771272841,4220.0,6500,800,0.953,0,30,F34,0.82
TK2039,MUC,IST,2024-06-01 15:49:00+00:00,2024-06-01 19:29:00+00:00,220,2285,158,22,136,0.755,AC_035,A321neo,210,CR_028,240200,45788.54021249867,4798.5,7800,800,0.825,0,40,F10,0.86
TK2040,IST,DXB,2024-06-01 13:34:00+00:00,2024-06-01 18:14:00+00:00,280,3000,163,25,138,0.778,AC_022,A321neo,210,CR_023,253100,60305.794397734106,6300.0,7800,500,0.979,0,41,F12,0.86
TK2041,IST,JFK,2024-06-01 16:40:00+00:00,2024-06-02 03:30:00+00:00,650,8055,214,25,189,0.741,AC_019,A330-300,290,CR_112,314300,250614.76571208163,23359.5,10800,800,0.948,0,26,B13,0.97
TK2042,DXB,IST,2024-06-01 01:40:00+00:00,2024-06-01 06:05:00+00:00,265,3000,172,30,142,0.824,AC_018,A321neo,210,CR_094,275400,60670.74184862622,6300.0,7800,800,0.848,1,20,D5,0.82
TK2043,JFK,IST,2024-06-01 15:35:00+00:00,2024-06-02 01:15:00+00:00,580,8055,172,30,142,0.819,AC_038,A321neo,210,CR_015,275400,162809.87144235722,16915.5,7800,800,0.727,0,46,F39,1.0
TK2044,IST,ESB,2024-06-01 15:28:00+00:00,2024-06-01 16:28:00+00:00,60,325,216,20,196,0.747,AC_043,B787-9,290,CR_073,305200,10842.458413987637,877.5000000000001,11500,500,0.96,0,42,F7,0.86
TK2045,IST,ADB,2024-06-01 09:26:00+00:00,2024-06-01 10:21:00+00:00,55,335,169,25,144,0.807,AC_028,A321neo,210,CR_004,260300,6760.062260248996,703.5,7800,500,0.725,0,23,G8,0.84
TK2046,IST,AYT,2024-06-01 16:06:00+00:00,2024-06-01 17:16:00+00:00,70,480,164,25,139,0.781,AC_038,A321neo,210,CR_053,254300,9652.515851570275,1008.0,7800,500,0.827,0,30,D19,0.78
TK2047,IST,GNY,2024-06-01 01:27:00+00:00,2024-06-01 02:32:00+00:00,65,420,153,20,133,0.731,AC_027,A321neo,210,CR_019,229600,8389.47803719835,882.0,7800,500,0.93,1,45,D39,0.94
TK2048,IST,KYA,2024-06-01 20:59:00+00:00,2024-06-01 22:24:00+00:00,85,550,148,15,133,0.708,AC_043,A321neo,210,CR_005,212100,10950.794553107642,1155.0,7800,500,0.993,0,49,G21,0.76
TK2049,ESB,IST,2024-06-01 18:35:00+00:00,2024-06-01 19:35:00+00:00,60,325,140,18,122,0.744,AC_017,B737-8,189,CR_019,209400,5780.281921277162,650.0,6500,800,0.75,0,53,G14,0.82
TK2050,ADB,IST,2024-06-01 15:02:00+00:00,2024-06-01 15:57:00+00:00,55,335,249,35,214,0.796,AC_027,A350-900,314,CR_007,379300,11999.264857900309,804.0,13200,800,0.894,0,12,B28,0.77
TK2051,AYT,IST,2024-06-01 22:53:00+00:00,2024-06-02 00:03:00+00:00,70,480,263,21,242,0.839,AC_032,A350-900,314,CR_072,363900,17293.1766490965,1152.0,13200,800,0.823,1,17,G28,0.82
TK2052,GNY,IST,2024-06-01 04:05:00+00:00,2024-06-01 05:10:00+00:00,65,420,193,33,160,0.667,AC_044,B787-9,290,CR_113,307500,13860.990369549241,1134.0,11500,800,0.749,1,37,A1,0.87
TK2053,KYA,IST,2024-06-01 09:25:00+00:00,2024-06-01 10:50:00+00:00,85,550,230,27,203,0.733,AC_026,A350-900,314,CR_085,338100,19535.80204567422,1320.0,13200,800,0.871,0,37,D34,0.76
TK2054,IST,LHR,2024-06-01 01:54:00+00:00,2024-06-01 05:39:00+00:00,225,2525,240,43,197,0.83,AC_002,B787-9,290,CR_101,386900,85185.14244094036,6817.5,11500,800,0.867,1,41,D37,0.94
TK2055,IST,CDG,2024-06-01 07:08:00+00:00,2024-06-01 10:28:00+00:00,200,2259,172,15,157,0.822,AC_044,A321neo,210,CR_050,240900,45676.19751708879,4743.900000000001,7800,500,0.882,0,5,G32,0.76
TK2056,IST,FRA,2024-06-01 03:57:00+00:00,2024-06-01 07:07:00+00:00,190,2110,181,23,158,0.862,AC_000,A321neo,210,CR_011,270100,42891.07651218207,4431.0,7800,500,0.866,1,9,G30,0.97
TK2057,IST,MUC,2024-06-01 05:46:00+00:00,2024-06-01 09:11:00+00:00,205,2285,166,20,146,0.795,AC_020,A321neo,210,CR_100,245200,46032.45118625079,4798.5,7800,500,0.892,1,15,F39,0.78
TK2058,LHR,IST,2024-06-01 08:33:00+00:00,2024-06-01 12:33:00+00:00,240,2525,244,21,223,0.843,AC_037,B787-9,290,CR_097,341100,85327.83871864878,6817.5,11500,800,0.835,0,19,D30,0.91
TK2059,CDG,IST,2024-06-01 20:03:00+00:00,2024-06-01 23:38:00+00:00,215,2259,166,20,146,0.882,AC_009,B737-8,189,CR_016,245200,40926.3831113859,4518.0,6500,800,0.931,0,24,G24,0.76
TK2060,FRA,IST,2024-06-01 08:42:00+00:00,2024-06-01 12:07:00+00:00,205,2110,150,20,130,0.717,AC_015,A321neo,210,CR_022,226000,42066.04781356112,4431.0,7800,800,0.746,0,20,F8,0.8
TK2061,MUC,IST,2024-06-01 09:31:00+00:00,2024-06-01 13:11:00+00:00,220,2285,236,30,206,0.817,AC_031,A330-300,290,CR_092,352200,71816.75876532626,6626.5,10800,800,0.752,0,23,F21,0.79
TK2062,IST,DXB,2024-06-01 06:20:00+00:00,2024-06-01 11:00:00+00:00,280,3000,192,22,170,0.917,AC_033,A321neo,210,CR_045,281000,61430.26817445683,6300.0,7800,500,0.739,1,30,D27,0.76
TK2063,IST,JFK,2024-06-01 14:46:00+00:00,2024-06-02 01:36:00+00:00,650,8055,256,33,223,0.885,AC_047,A330-300,290,CR_106,383100,255489.41617579994,23359.5,10800,800,0.718,0,30,D36,0.95
TK2064,DXB,IST,2024-06-01 06:14:00+00:00,2024-06-01 10:39:00+00:00,265,3000,252,26,226,0.872,AC_022,A330-300,290,CR_027,362200,94987.04437618295,8700.0,10800,800,0.859,1,6,G26,0.76
TK2065,JFK,IST,2024-06-01 15:46:00+00:00,2024-06-02 01:26:00+00:00,580,8055,164,26,138,0.783,AC_046,A321neo,210,CR_106,256600,162013.86065455165,16915.5,7800,800,0.709,0,22,F38,0.88
TK2066,IST,ESB,2024-06-01 07:36:00+00:00,2024-06-01 08:36:00+00:00,60,325,165,27,138,0.79,AC_025,A321neo,210,CR_085,260100,6543.573243566665,682.5,7800,500,0.861,0,29,B17,0.84
TK2067,IST,ADB,2024-06-01 08:40:00+00:00,2024-06-01 09:35:00+00:00,55,335,161,20,141,0.768,AC_035,A321neo,210,CR_110,239200,6724.980314954906,703.5,7800,500,0.861,0,38,D8,0.9
TK2068,IST,AYT,2024-06-01 09:36:00+00:00,2024-06-01 10:46:00+00:00,70,480,181,24,157,0.866,AC_044,A321neo,210,CR_055,272400,9762.114743558537,1008.0,7800,500,0.799,0,37,D22,0.81
TK2069,IST,GNY,2024-06-01 12:29:00+00:00,2024-06-01 13:34:00+00:00,65,420,144,14,130,0.688,AC_029,A321neo,210,CR_061,205000,8339.75430820506,882.0,7800,500,0.752,0,13,A3,0.88
TK2070,IST,KYA,2024-06-01 21:30:00+00:00,2024-06-01 22:55:00+00:00,85,550,144,24,120,0.687,AC_005,A321neo,210,CR_078,228000,10920.133599952673,1155.0,7800,500,0.993,0,34,B38,0.92
TK2071,ESB,IST,2024-06-01 13:07:00+00:00,2024-06-01 14:07:00+00:00,60,325,150,19,131,0.796,AC_043,B737-8,189,CR_044,223700,5821.125604753964,650.0,6500,800,0.762,0,30,F4,0.86
TK2072,ADB,IST,2024-06-01 07:46:00+00:00,2024-06-01 08:41:00+00:00,55,335,176,15,161,0.839,AC_035,A321neo,210,CR_010,245700,6789.327496946252,703.5,7800,800,0.796,0,7,F33,0.84
TK2073,AYT,IST,2024-06-01 13:09:00+00:00,2024-06-01 14:19:00+00:00,70,480,174,31,143,0.831,AC_039,A321neo,210,CR_012,280100,9716.416355474019,1008.0,7800,800,0.943,0,5,G37,0.75
TK2074,GNY,IST,2024-06-01 11:37:00+00:00,2024-06-01 12:42:00+00:00,65,420,188,32,156,0.649,AC_043,B787-9,290,CR_061,299200,13826.969614961352,1134.0,11500,800,0.823,0,15,D9,0.8
TK2075,KYA,IST,2024-06-01 19:21:00+00:00,2024-06-01 20:46:00+00:00,85,550,129,10,119,0.619,AC_007,A321neo,210,CR_092,177800,10818.761833299362,1155.0,7800,800,0.948,0,41,F14,0.95
TK2076,IST,LHR,2024-06-01 06:18:00+00:00,2024-06-01 10:03:00+00:00,225,2525,157,18,139,0.832,AC_041,B737-8,189,CR_108,229800,45439.44142531169,5050.0,6500,800,0.818,1,44,F8,0.86
TK2077,IST,CDG,2024-06-01 11:37:00+00:00,2024-06-01 14:57:00+00:00,200,2259,187,25,162,0.893,AC_014,A321neo,210,CR_062,281900,46108.77268364712,4743.900000000001,7800,500,0.873,0,21,D33,0.85
TK2078,IST,FRA,2024-06-01 04:39:00+00:00,2024-06-01 07:49:00+00:00,190,2110,160,27,133,0.765,AC_007,A321neo,210,CR_006,254100,42335.96814315573,4431.0,7800,500,0.908,1,19,F29,0.87
TK2079,IST,MUC,2024-06-01 13:28:00+00:00,2024-06-01 16:53:00+00:00,205,2285,232,22,210,0.801,AC_036,A330-300,290,CR_096,329000,71671.78101135879,6626.5,10800,500,0.934,0,37,B4,0.89
TK2080,LHR,IST,2024-06-01 17:32:00+00:00,2024-06-01 21:32:00+00:00,240,2525,235,27,208,0.813,AC_023,A330-300,290,CR_108,344100,79326.97034377982,7322.5,10800,800,0.881,0,19,B29,0.88
TK2081,CDG,IST,2024-06-01 09:44:00+00:00,2024-06-01 13:19:00+00:00,215,2259,160,24,136,0.762,AC_035,A321neo,210,CR_094,247200,45310.31522885276,4743.900000000001,7800,800,0.863,0,47,F27,0.84
TK2082,FRA,IST,2024-06-01 18:37:00+00:00,2024-06-01 22:02:00+00:00,205,2110,224,24,200,0.774,AC_011,B787-9,290,CR_106,324000,70646.49257997537,5697.0,11500,800,0.974,0,44,F18,0.9
TK2083,MUC,IST,2024-06-01 17:11:00+00:00,2024-06-01 20:51:00+00:00,220,2285,209,18,191,0.722,AC_003,B787-9,290,CR_111,292200,75973.05847692041,6169.5,11500,800,0.937,0,41,A8,0.91
TK2084,IST,DXB,2024-06-01 09:08:00+00:00,2024-06-01 13:48:00+00:00,280,3000,264,45,219,0.914,AC_010,A330-300,290,CR_085,420300,95512.96605982626,8700.0,10800,500,0.835,0,50,F37,1.0
TK2085,IST,JFK,2024-06-01 05:56:00+00:00,2024-06-01 16:46:00+00:00,650,8055,145,16,129,0.77,AC_039,B737-8,189,CR_053,210800,143756.96714172928,16110.0,6500,800,0.882,1,51,G9,0.94
TK2086,DXB,IST,2024-06-01 16:25:00+00:00,2024-06-01 20:50:00+00:00,265,3000,167,22,145,0.8,AC_037,A321neo,210,CR_074,251000,60476.0781824157,6300.0,7800,800,0.804,0,22,B27,0.93
TK2087,JFK,IST,2024-06-01 06:43:00+00:00,2024-06-01 16:23:00+00:00,580,8055,149,25,124,0.714,AC_023,A321neo,210,CR_053,236300,160514.20398687708,16915.5,7800,800,0.873,1,10,G24,0.83
TK2088,IST,ESB,2024-06-01 07:25:00+00:00,2024-06-01 08:25:00+00:00,60,325,223,19,204,0.769,AC_039,A330-300,290,CR_060,311300,10150.018677495707,942.5,10800,500,0.851,0,5,G32,0.77
TK2089,IST,ADB,2024-06-01 06:18:00+00:00,2024-06-01 07:13:00+00:00,55,335,224,25,199,0.776,AC_028,A330-300,290,CR_029,326300,10471.464721856019,971.5,10800,500,0.887,1,33,G30,0.96
TK2090,IST,AYT,2024-06-01 07:50:00+00:00,2024-06-01 09:00:00+00:00,70,480,181,22,159,0.866,AC_029,A321neo,210,CR_113,267800,9761.744104827048,1008.0,7800,500,0.868,0,8,D1,0.83
TK2091,IST,GNY,2024-06-01 16:09:00+00:00,2024-06-01 17:14:00+00:00,65,420,183,19,164,0.634,AC_033,B787-9,290,CR_109,263300,13797.553037407066,1134.0,11500,500,0.823,0,27,B28,0.96
TK2092,IST,KYA,2024-06-01 09:56:00+00:00,2024-06-01 11:21:00+00:00,85,550,123,18,105,0.652,AC_046,B737-8,189,CR_071,189000,9660.403978537337,1100.0,6500,500,0.871,0,37,G28,0.81
TK2093,ESB,IST,2024-06-01 07:13:00+00:00,2024-06-01 08:13:00+00:00,60,325,211,29,182,0.731,AC_042,B787-9,290,CR_045,319900,10818.893563728048,877.5000000000001,11500,800,0.989,0,41,F21,0.85
TK2094,ADB,IST,2024-06-01 05:09:00+00:00,2024-06-01 06:04:00+00:00,55,335,153,25,128,0.733,AC_004,A321neo,210,CR_046,241100,6693.187389554565,703.5,7800,800,0.803,1,46,B2,0.84
TK2095,AYT,IST,2024-06-01 17:36:00+00:00,2024-06-01 18:46:00+00:00,70,480,252,30,222,0.871,AC_008,B787-9,290,CR_093,371400,16280.468951120298,1296.0,11500,800,0.831,0,48,A35,0.99
TK2096,GNY,IST,2024-06-01 05:09:00+00:00,2024-06-01 06:14:00+00:00,65,420,212,26,186,0.731,AC_016,A330-300,290,CR_095,314200,13050.152385891803,1218.0,10800,800,0.845,1,21,A14,0.94
TK2097,KYA,IST,2024-06-01 09:08:00+00:00,2024-06-01 10:33:00+00:00,85,550,191,17,174,0.662,AC_045,A330-300,290,CR_106,268300,16928.162160018423,1595.0,10800,800,0.995,0,33,A34,0.82
TK2098,IST,LHR,2024-06-01 18:20:00+00:00,2024-06-01 22:05:00+00:00,225,2525,237,20,217,0.82,AC_024,B787-9,290,CR_036,330400,85063.50648027028,6817.5,11500,800,0.849,0,16,D23,0.78
TK2099,IST,CDG,2024-06-01 07:30:00+00:00,2024-06-01 10:50:00+00:00,200,2259,250,41,209,0.864,AC_033,B787-9,290,CR_039,394300,76556.71567437636,6099.3,11500,500,0.88,0,11,G10,0.98
TK2100,IST,FRA,2024-06-01 09:57:00+00:00,2024-06-01 13:07:00+00:00,190,2110,152,26,126,0.726,AC_035,A321neo,210,CR_064,242200,42114.93141094818,4431.0,7800,500,0.931,0,33,B21,0.96
TK2101,IST,MUC,2024-06-01 18:58:00+00:00,2024-06-01 22:23:00+00:00,205,2285,157,17,140,0.75,AC_033,A321neo,210,CR_098,227500,45759.695693051704,4798.5,7800,500,0.819,0,28,B22,0.93
TK2102,LHR,IST,2024-06-01 03:19:00+00:00,2024-06-01 07:19:00+00:00,240,2525,172,28,144,0.821,AC_042,A321neo,210,CR_108,270800,51049.50128585559,5302.5,7800,800,0.8,1,30,D2,0.78
TK2103,CDG,IST,2024-06-01 15:24:00+00:00,2024-06-01 18:59:00+00:00,215,2259,228,34,194,0.789,AC_041,B787-9,290,CR_103,351800,75788.29591550706,6099.3,11500,800,0.838,0,39,F3,0.77
TK2104,FRA,IST,2024-06-01 20:37:00+00:00,2024-06-02 00:02:00+00:00,205,2110,208,18,190,0.719,AC_016,B787-9,290,CR_048,291000,70131.51314041477,5697.0,11500,800,0.985,0,53,B12,0.89
TK2105,MUC,IST,2024-06-01 15:20:00+00:00,2024-06-01 19:00:00+00:00,220,2285,156,24,132,0.826,AC_015,B737-8,189,CR_100,242400,41088.49749804594,4570.0,6500,800,0.955,0,29,B18,0.87
TK2106,IST,DXB,2024-06-01 22:44:00+00:00,2024-06-02 03:24:00+00:00,280,3000,175,24,151,0.838,AC_022,A321neo,210,CR_016,265200,60784.44802043027,6300.0,7800,500,0.867,1,26,A7,0.76
TK2107,IST,JFK,2024-06-01 07:47:00+00:00,2024-06-01 18:37:00+00:00,650,8055,230,21,209,0.795,AC_022,A330-300,290,CR_058,324300,252423.03932851588,23359.5,10800,800,0.939,0,35,G30,0.76
TK2108,DXB,IST,2024-06-01 12:38:00+00:00,2024-06-01 17:03:00+00:00,265,3000,177,18,159,0.844,AC_044,A321neo,210,CR_059,253800,60835.14313172887,6300.0,7800,800,0.723,0,41,B26,0.93
TK2109,JFK,IST,2024-06-01 08:48:00+00:00,2024-06-01 18:28:00+00:00,580,8055,220,29,191,0.762,AC_024,B787-9,290,CR_085,330700,269252.7970589065,21748.5,11500,800,0.921,0,37,G16,0.86
TK2110,IST,ESB,2024-06-01 10:34:00+00:00,2024-06-01 11:34:00+00:00,60,325,148,25,123,0.783,AC_038,B737-8,189,CR_098,235100,5810.967260465393,650.0,6500,500,0.703,0,33,G29,0.76
TK2111,IST,ADB,2024-06-01 13:43:00+00:00,2024-06-01 14:38:00+00:00,55,335,181,32,149,0.863,AC_029,A321neo,210,CR_009,290800,6810.239079969864,703.5,7800,500,0.825,0,43,A20,0.93
TK2112,IST,AYT,2024-06-01 05:13:00+00:00,2024-06-01 06:23:00+00:00,70,480,176,26,150,0.841,AC_024,A321neo,210,CR_036,271000,9730.515307862608,1008.0,7800,500,0.783,1,50,A15,0.86
TK2113,IST,GNY,2024-06-01 15:11:00+00:00,2024-06-01 16:16:00+00:00,65,420,151,26,125,0.722,AC_036,A321neo,210,CR_036,241000,8378.64239440682,882.0,7800,500,0.727,0,10,G39,0.97
TK2114,IST,KYA,2024-06-01 11:12:00+00:00,2024-06-01 12:37:00+00:00,85,550,127,20,107,0.674,AC_044,B737-8,189,CR_053,198400,9689.72281236474,1100.0,6500,500,0.736,0,47,B34,0.85
TK2115,ESB,IST,2024-06-01 20:55:00+00:00,2024-06-01 21:55:00+00:00,60,325,212,24,188,0.734,AC_046,B787-9,290,CR_004,309600,10822.924315430117,877.5000000000001,11500,800,0.765,0,13,G35,0.9
TK2116,ADB,IST,2024-06-01 07:34:00+00:00,2024-06-01 08:29:00+00:00,55,335,174,16,158,0.832,AC_034,A321neo,210,CR_031,245600,6782.395897345382,703.5,7800,800,0.767,0,51,G25,0.9
TK2117,AYT,IST,2024-06-01 05:40:00+00:00,2024-06-01 06:50:00+00:00,70,480,176,20,156,0.842,AC_028,A321neo,210,CR_091,257200,9731.155843852233,1008.0,7800,800,0.967,1,29,D34,0.97
TK2118,GNY,IST,2024-06-01 14:04:00+00:00,2024-06-01 15:09:00+00:00,65,420,129,13,116,0.684,AC_007,B737-8,189,CR_037,184700,7409.228636765669,840.0,6500,800,0.909,0,52,A26,0.88
TK2119,KYA,IST,2024-06-01 05:27:00+00:00,2024-06-01 06:52:00+00:00,85,550,219,19,200,0.699,AC_049,A350-900,314,CR_080,306500,19445.34419006391,1320.0,13200,800,0.849,1,36,G29,0.98
TK2120,IST,LHR,2024-06-01 15:39:00+00:00,2024-06-01 19:24:00+00:00,225,2525,158,26,132,0.754,AC_015,A321neo,210,CR_018,249400,50593.28663780801,5302.5,7800,800,0.898,0,37,A13,0.96
TK2121,IST,CDG,2024-06-01 15:26:00+00:00,2024-06-01 18:46:00+00:00,200,2259,240,37,203,0.829,AC_004,A330-300,290,CR_006,373100,71112.66072631237,6551.099999999999,10800,500,0.964,0,35,F23,0.75
TK2122,IST,FRA,2024-06-01 06:38:00+00:00,2024-06-01 09:48:00+00:00,190,2110,153,24,129,0.815,AC_011,B737-8,189,CR_092,238800,37885.87846544529,4220.0,6500,500,0.702,1,36,G13,0.9
TK2123,IST,MUC,2024-06-01 14:30:00+00:00,2024-06-01 17:55:00+00:00,205,2285,243,28,215,0.774,AC_023,A350-900,314,CR_063,356000,81612.15439625575,5484.0,13200,500,0.946,0,52,D6,0.82
TK2124,LHR,IST,2024-06-01 10:33:00+00:00,2024-06-01 14:33:00+00:00,240,2525,248,42,206,0.858,AC_021,B787-9,290,CR_092,394200,85503.10729359637,6817.5,11500,800,0.981,0,36,G36,0.77
TK2125,CDG,IST,2024-06-01 15:21:00+00:00,2024-06-01 18:56:00+00:00,215,2259,155,23,132,0.742,AC_000,A321neo,210,CR_117,238900,45189.75576531142,4743.900000000001,7800,800,0.717,0,22,B14,0.99
TK2126,FRA,IST,2024-06-01 16:34:00+00:00,2024-06-01 19:59:00+00:00,205,2110,226,19,207,0.722,AC_005,A350-900,314,CR_032,314900,74830.35528855598,5064.0,13200,800,0.812,0,36,D11,0.92
TK2127,MUC,IST,2024-06-01 07:28:00+00:00,2024-06-01 11:08:00+00:00,220,2285,175,30,145,0.835,AC_012,A321neo,210,CR_098,279000,46283.48315633722,4798.5,7800,800,0.956,0,19,A29,0.92
TK2128,IST,DXB,2024-06-01 05:13:00+00:00,2024-06-01 09:53:00+00:00,280,3000,174,29,145,0.831,AC_027,A321neo,210,CR_107,275500,60728.083825490015,6300.0,7800,500,0.919,1,51,A16,0.96
TK2129,IST,JFK,2024-06-01 16:04:00+00:00,2024-06-02 02:54:00+00:00,650,8055,243,43,200,0.776,AC_037,A350-900,314,CR_000,390500,287756.1124236424,19332.0,13200,800,0.769,0,39,F25,0.93
TK2130,DXB,IST,2024-06-01 11:26:00+00:00,2024-06-01 15:51:00+00:00,265,3000,179,28,151,0.854,AC_049,A321neo,210,CR_045,279200,60915.04301222638,6300.0,7800,800,0.928,0,7,F29,0.78
TK2131,JFK,IST,2024-06-01 19:02:00+00:00,2024-06-02 04:42:00+00:00,580,8055,231,22,209,0.798,AC_024,B787-9,290,CR_014,327800,270585.2964924511,21748.5,11500,800,0.7,0,11,A17,0.9
TK2132,IST,ESB,2024-06-01 13:47:00+00:00,2024-06-01 14:47:00+00:00,60,325,157,21,136,0.75,AC_001,A321neo,210,CR_116,236700,6508.446782480333,682.5,7800,500,0.939,0,15,G13,0.79
TK2133,IST,ADB,2024-06-01 15:17:00+00:00,2024-06-01 16:12:00+00:00,55,335,172,22,150,0.819,AC_037,A321neo,210,CR_094,257000,6771.173022844311,703.5,7800,500,0.787,0,49,D25,0.97
TK2134,IST,AYT,2024-06-01 04:21:00+00:00,2024-06-01 05:31:00+00:00,70,480,227,20,207,0.785,AC_031,A330-300,290,CR_045,318400,15022.914472155917,1392.0,10800,500,0.706,1,26,F28,0.93
TK2135,IST,GNY,2024-06-01 01:59:00+00:00,2024-06-01 03:04:00+00:00,65,420,159,13,146,0.757,AC_032,A321neo,210,CR_096,220700,8418.969345538146,882.0,7800,500,0.965,1,34,D33,0.96
TK2136,IST,KYA,2024-06-01 08:37:00+00:00,2024-06-01 10:02:00+00:00,85,550,157,25,132,0.752,AC_041,A321neo,210,CR_097,245900,11016.582579694861,1155.0,7800,500,0.75,0,53,F11,0.78
TK2137,ESB,IST,2024-06-01 14:08:00+00:00,2024-06-01 15:08:00+00:00,60,325,148,12,136,0.786,AC_040,B737-8,189,CR_031,205200,5812.79429727153,650.0,6500,800,0.913,0,12,D8,0.93
TK2138,ADB,IST,2024-06-01 08:58:00+00:00,2024-06-01 09:53:00+00:00,55,335,167,22,145,0.885,AC_021,B737-8,189,CR_005,251000,6071.242704016839,670.0,6500,800,0.836,0,7,D14,0.77
TK2139,AYT,IST,2024-06-01 07:12:00+00:00,2024-06-01 08:22:00+00:00,70,480,229,29,200,0.792,AC_018,B787-9,290,CR_114,341500,16110.266000001342,1296.0,11500,800,0.993,0,40,B8,0.97
TK2140,GNY,IST,2024-06-01 04:43:00+00:00,2024-06-01 05:48:00+00:00,65,420,165,16,149,0.789,AC_040,A321neo,210,CR_095,234800,8454.841358195768,882.0,7800,800,0.848,1,32,G10,0.85
TK2141,KYA,IST,2024-06-01 10:14:00+00:00,2024-06-01 11:39:00+00:00,85,550,142,15,127,0.677,AC_048,A321neo,210,CR_075,204900,10906.017625978637,1155.0,7800,800,0.96,0,35,G24,0.86
TK2142,IST,LHR,2024-06-01 09:19:00+00:00,2024-06-01 13:04:00+00:00,225,2525,198,26,172,0.944,AC_035,A321neo,210,CR_104,297400,51887.047347742875,5302.5,7800,800,0.709,0,38,G36,0.97
TK2143,IST,CDG,2024-06-01 10:41:00+00:00,2024-06-01 14:01:00+00:00,200,2259,155,27,128,0.824,AC_011,B737-8,189,CR_057,248100,40610.835125392805,4518.0,6500,500,0.815,0,22,B21,0.93
TK2144,IST,FRA,2024-06-01 15:47:00+00:00,2024-06-01 18:57:00+00:00,190,2110,251,29,222,0.866,AC_036,B787-9,290,CR_001,367900,71526.44809951505,5697.0,11500,500,0.956,0,49,A14,0.88
TK2145,IST,MUC,2024-06-01 14:05:00+00:00,2024-06-01 17:30:00+00:00,205,2285,176,25,151,0.841,AC_027,A321neo,210,CR_088,268700,46318.70854542239,4798.5,7800,500,0.777,0,41,A5,0.83
TK2146,LHR,IST,2024-06-01 05:44:00+00:00,2024-06-01 09:44:00+00:00,240,2525,226,38,188,0.779,AC_013,A330-300,290,CR_117,358600,78964.70843606607,7322.5,10800,800,0.799,1,33,D10,0.92
TK2147,CDG,IST,2024-06-01 11:07:00+00:00,2024-06-01 14:42:00+00:00,215,2259,223,31,192,0.77,AC_019,B787-9,290,CR_000,338900,75593.30810291448,6099.3,11500,800,0.814,0,47,F37,0.84
TK2148,FRA,IST,2024-06-01 16:55:00+00:00,2024-06-01 20:20:00+00:00,205,2110,168,28,140,0.805,AC_019,A321neo,210,CR_107,266000,42563.2719631986,4431.0,7800,800,0.781,0,6,B9,0.88
TK2149,MUC,IST,2024-06-01 04:54:00+00:00,2024-06-01 08:34:00+00:00,220,2285,157,16,141,0.832,AC_004,B737-8,189,CR_100,225200,41122.41127822511,4570.0,6500,800,0.731,1,18,G12,0.79
TK2150,IST,DXB,2024-06-01 20:42:00+00:00,2024-06-02 01:22:00+00:00,280,3000,267,28,239,0.853,AC_049,A350-900,314,CR_042,384800,108279.026057911,7200.0,13200,500,0.803,0,42,B20,0.78
TK2151,IST,JFK,2024-06-01 05:49:00+00:00,2024-06-01 16:39:00+00:00,650,8055,233,23,210,0.806,AC_007,B787-9,290,CR_118,332500,270865.65097679244,21748.5,11500,800,0.991,1,5,B8,0.79
TK2152,DXB,IST,2024-06-01 20:46:00+00:00,2024-06-02 01:11:00+00:00,265,3000,183,31,152,0.875,AC_029,A321neo,210,CR_073,290900,61085.90194474315,6300.0,7800,800,0.849,0,21,A26,0.97
TK2153,JFK,IST,2024-06-01 03:07:00+00:00,2024-06-01 12:47:00+00:00,580,8055,167,26,141,0.8,AC_032,A321neo,210,CR_067,260200,162385.0435016229,16915.5,7800,800,0.88,1,35,F16,0.96
TK2154,IST,ESB,2024-06-01 13:27:00+00:00,2024-06-01 14:27:00+00:00,60,325,230,25,205,0.794,AC_040,A330-300,290,CR_032,333500,10183.396555981082,942.5,10800,500,0.998,0,17,A9,0.77
TK2155,IST,ADB,2024-06-01 05:33:00+00:00,2024-06-01 06:28:00+00:00,55,335,162,19,143,0.776,AC_003,A321neo,210,CR_109,238100,6731.471395642412,703.5,7800,500,0.9,1,10,D34,0.94
TK2156,IST,AYT,2024-06-01 10:10:00+00:00,2024-06-01 11:20:00+00:00,70,480,217,31,186,0.751,AC_014,A330-300,290,CR_084,331700,14954.493424230295,1392.0,10800,500,0.889,0,11,D15,0.92
TK2157,IST,GNY,2024-06-01 10:48:00+00:00,2024-06-01 11:53:00+00:00,65,420,147,19,128,0.704,AC_043,A321neo,210,CR_034,220100,8358.374028599188,882.0,7800,500,0.704,0,15,B35,0.79
TK2158,IST,KYA,2024-06-01 16:08:00+00:00,2024-06-01 17:33:00+00:00,85,550,151,19,132,0.719,AC_027,A321neo,210,CR_069,224900,10968.1168699273,1155.0,7800,500,0.708,0,30,A25,0.85
TK2159,ESB,IST,2024-06-01 13:43:00+00:00,2024-06-01 14:43:00+00:00,60,325,156,19,137,0.747,AC_047,A321neo,210,CR_042,230900,6505.498418438847,682.5,7800,800,0.865,0,50,G21,0.8
TK2160,ADB,IST,2024-06-01 14:59:00+00:00,2024-06-01 15:54:00+00:00,55,335,233,27,206,0.805,AC_020,B787-9,290,CR_067,341700,11263.797210602532,904.5000000000001,11500,800,0.844,0,23,D34,0.79
TK2161,AYT,IST,2024-06-01 12:45:00+00:00,2024-06-01 13:55:00+00:00,70,480,171,18,153,0.815,AC_027,A321neo,210,CR_110,246600,9696.501660505717,1008.0,7800,800,0.862,0,20,A36,0.93
TK2162,GNY,IST,2024-06-01 21:25:00+00:00,2024-06-01 22:30:00+00:00,65,420,150,22,128,0.715,AC_038,A321neo,210,CR_073,230600,8370.389598831704,882.0,7800,800,0.858,0,11,G36,0.86
TK2163,KYA,IST,2024-06-01 16:43:00+00:00,2024-06-01 18:08:00+00:00,85,550,189,15,174,0.654,AC_046,B787-9,290,CR_105,261300,18117.736836068427,1485.0,11500,800,0.985,0,26,A21,0.97
TK2164,IST,LHR,2024-06-01 06:09:00+00:00,2024-06-01 09:54:00+00:00,225,2525,168,28,140,0.801,AC_015,A321neo,210,CR_023,266000,50914.103789858505,5302.5,7800,800,0.867,1,31,B37,0.83
TK2165,IST,CDG,2024-06-01 17:38:00+00:00,2024-06-01 20:58:00+00:00,200,2259,222,32,190,0.767,AC_018,A330-300,290,CR_017,340000,70526.70627385558,6551.099999999999,10800,500,0.887,0,37,B5,0.79
TK2166,IST,FRA,2024-06-01 17:54:00+00:00,2024-06-01 21:04:00+00:00,190,2110,216,24,192,0.748,AC_027,A330-300,290,CR_034,314400,65704.57891136837,6119.0,10800,500,0.762,0,15,F10,0.81
TK2167,IST,MUC,2024-06-01 04:24:00+00:00,2024-06-01 07:49:00+00:00,205,2285,167,29,138,0.796,AC_006,A321neo,210,CR_034,267100,46039.50302063087,4798.5,7800,500,0.909,1,7,F39,0.93
TK2168,LHR,IST,2024-06-01 08:45:00+00:00,2024-06-01 12:45:00+00:00,240,2525,238,32,206,0.822,AC_044,B787-9,290,CR_038,359200,85091.19549111868,6817.5,11500,800,0.724,0,44,G37,0.97
TK2169,CDG,IST,2024-06-01 08:58:00+00:00,2024-06-01 12:33:00+00:00,215,2259,225,25,200,0.779,AC_003,B787-9,290,CR_102,327500,75685.20459804982,6099.3,11500,800,0.833,0,6,A5,0.77
TK2170,FRA,IST,2024-06-01 07:07:00+00:00,2024-06-01 10:32:00+00:00,205,2110,169,19,150,0.809,AC_021,A321neo,210,CR_002,246500,42586.05328930664,4431.0,7800,800,0.901,0,27,B2,0.84
TK2171,MUC,IST,2024-06-01 10:51:00+00:00,2024-06-01 14:31:00+00:00,220,2285,271,23,248,0.865,AC_035,A350-900,314,CR_043,378100,82604.18576221986,5484.0,13200,800,0.988,0,33,A31,0.94
TK2172,IST,DXB,2024-06-01 09:29:00+00:00,2024-06-01 14:09:00+00:00,280,3000,264,30,234,0.913,AC_007,B787-9,290,CR_011,385800,102330.07111370741,8100.000000000001,11500,500,0.939,0,20,D30,0.81
TK2173,IST,JFK,2024-06-01 06:04:00+00:00,2024-06-01 16:54:00+00:00,650,8055,163,25,138,0.778,AC_043,A321neo,210,CR_119,253100,161904.43446502546,16915.5,7800,800,0.773,1,34,G21,0.77
TK2174,DXB,IST,2024-06-01 16:31:00+00:00,2024-06-01 20:56:00+00:00,265,3000,177,28,149,0.845,AC_013,A321neo,210,CR_097,276800,60847.26725314946,6300.0,7800,800,0.735,0,27,G2,0.85
TK2175,JFK,IST,2024-06-01 06:00:00+00:00,2024-06-01 15:40:00+00:00,580,8055,162,17,145,0.774,AC_022,A321neo,210,CR_051,233500,161821.1903905391,16915.5,7800,800,0.983,1,22,F6,0.98
TK2176,IST,ESB,2024-06-01 22:36:00+00:00,2024-06-01 23:36:00+00:00,60,325,164,19,145,0.781,AC_017,A321neo,210,CR_037,240500,6535.366897347045,682.5,7800,500,0.888,1,34,F24,0.88
TK2177,IST,ADB,2024-06-01 05:06:00+00:00,2024-06-01 06:01:00+00:00,55,335,209,23,186,0.721,AC_014,A330-300,290,CR_072,303700,10394.810404694032,971.5,10800,500,0.821,1,6,F27,0.92
TK2178,IST,AYT,2024-06-01 21:09:00+00:00,2024-06-01 22:19:00+00:00,70,480,168,27,141,0.801,AC_030,A321neo,210,CR_035,263700,9678.088404022174,1008.0,7800,500,0.846,0,50,B16,0.94
TK2179,IST,GNY,2024-06-01 12:40:00+00:00,2024-06-01 13:45:00+00:00,65,420,216,35,181,0.748,AC_033,B787-9,290,CR_012,339700,14013.536966507087,1134.0,11500,500,0.72,0,38,D4,0.78
TK2180,IST,KYA,2024-06-01 13:31:00+00:00,2024-06-01 14:56:00+00:00,85,550,216,37,179,0.69,AC_017,A350-900,314,CR_019,344300,19420.74112367983,1320.0,13200,500,0.783,0,10,G32,0.8
TK2181,ESB,IST,2024-06-01 14:18:00+00:00,2024-06-01 15:18:00+00:00,60,325,151,17,134,0.721,AC_018,A321neo,210,CR_004,220300,6482.869711477849,682.5,7800,800,0.758,0,29,G2,0.87
TK2182,ADB,IST,2024-06-01 14:14:00+00:00,2024-06-01 15:09:00+00:00,55,335,224,33,191,0.775,AC_003,A330-300,290,CR_096,344700,10471.077698095916,971.5,10800,800,0.89,0,44,A17,0.81
TK2183,AYT,IST,2024-06-01 06:35:00+00:00,2024-06-01 07:45:00+00:00,70,480,165,21,144,0.788,AC_049,A321neo,210,CR_102,246300,9661.119971452456,1008.0,7800,800,0.739,1,39,G7,0.88
TK2184,GNY,IST,2024-06-01 06:21:00+00:00,2024-06-01 07:26:00+00:00,65,420,149,23,126,0.711,AC_009,A321neo,210,CR_020,231700,8365.926002229533,882.0,7800,800,0.904,1,43,B5,0.8
TK2185,KYA,IST,2024-06-01 07:20:00+00:00,2024-06-01 08:45:00+00:00,85,550,179,17,162,0.618,AC_044,B787-9,290,CR_100,253900,18029.89868368018,1485.0,11500,800,0.713,0,21,F35,0.82
TK2186,IST,LHR,2024-06-01 12:54:00+00:00,2024-06-01 16:39:00+00:00,225,2525,168,24,144,0.804,AC_040,A321neo,210,CR_098,256800,50934.10700530961,5302.5,7800,800,0.884,0,33,D38,0.85
TK2187,IST,CDG,2024-06-01 05:16:00+00:00,2024-06-01 08:36:00+00:00,200,2259,261,38,223,0.832,AC_000,A350-900,314,CR_040,400600,81311.20502332695,5421.599999999999,13200,500,0.943,1,52,B29,0.82
TK2188,IST,FRA,2024-06-01 07:39:00+00:00,2024-06-01 10:49:00+00:00,190,2110,167,24,143,0.886,AC_021,B737-8,189,CR_058,255600,38248.184351679054,4220.0,6500,500,0.891,0,19,G17,0.77
TK2189,IST,MUC,2024-06-01 05:31:00+00:00,2024-06-01 08:56:00+00:00,205,2285,160,28,132,0.766,AC_036,A321neo,210,CR_086,256400,45854.42667130123,4798.5,7800,500,0.714,1,12,G23,0.93
TK2190,LHR,IST,2024-06-01 04:23:00+00:00,2024-06-01 08:23:00+00:00,240,2525,235,27,208,0.81,AC_045,B787-9,290,CR_030,344100,84958.18059086912,6817.5,11500,800,0.997,1,19,A19,0.92
TK2191,CDG,IST,2024-06-01 06:04:00+00:00,2024-06-01 09:39:00+00:00,215,2259,225,30,195,0.778,AC_031,B787-9,290,CR_117,339000,75681.76840908303,6099.3,11500,800,0.721,1,14,D38,0.77
TK2192,FRA,IST,2024-06-01 18:07:00+00:00,2024-06-01 21:32:00+00:00,205,2110,170,20,150,0.814,AC_002,A321neo,210,CR_049,250000,42618.98303524657,4431.0,7800,800,0.736,0,8,F14,0.77
TK2193,MUC,IST,2024-06-01 11:49:00+00:00,2024-06-01 15:29:00+00:00,220,2285,261,29,232,0.832,AC_011,A350-900,314,CR_035,379900,82250.27162660548,5484.0,13200,800,0.842,0,6,G13,0.9
TK2194,IST,DXB,2024-06-01 16:59:00+00:00,2024-06-01 21:39:00+00:00,280,3000,249,22,227,0.859,AC_013,A330-300,290,CR_103,349400,94825.89704171247,8700.0,10800,500,0.832,0,29,B22,0.82
TK2195,IST,JFK,2024-06-01 15:50:00+00:00,2024-06-02 02:40:00+00:00,650,8055,142,23,119,0.754,AC_020,B737-8,189,CR_119,223300,143449.90812816675,16110.0,6500,800,0.786,0,36,B30,0.97
TK2196,DXB,IST,2024-06-01 18:17:00+00:00,2024-06-01 22:42:00+00:00,265,3000,149,26,123,0.79,AC_039,B737-8,189,CR_045,238600,53690.50012845281,6000.0,6500,800,0.867,0,27,G32,0.79
TK2197,JFK,IST,2024-06-01 21:21:00+00:00,2024-06-02 07:01:00+00:00,580,8055,168,22,146,0.804,AC_017,A321neo,210,CR_012,252200,162480.61327454328,16915.5,7800,800,0.732,0,25,F15,0.77
TK2198,IST,ESB,2024-06-01 12:22:00+00:00,2024-06-01 13:22:00+00:00,60,325,251,33,218,0.8,AC_032,A350-900,314,CR_060,377100,11647.653269038818,780.0,13200,500,0.853,0,23,D23,0.92
TK2199,IST,ADB,2024-06-01 14:36:00+00:00,2024-06-01 15:31:00+00:00,55,335,160,15,145,0.849,AC_015,B737-8,189,CR_105,226500,6042.551413992756,670.0,6500,500,0.944,0,48,B5,0.97
TK2200,IST,AYT,2024-06-01 06:41:00+00:00,2024-06-01 07:51:00+00:00,70,480,159,24,135,0.758,AC_038,A321neo,210,CR_045,246000,9622.703107052104,1008.0,7800,500,0.884,1,6,G13,0.88
TK2201,IST,GNY,2024-06-01 17:57:00+00:00,2024-06-01 19:02:00+00:00,65,420,164,13,151,0.783,AC_013,A321neo,210,CR_080,226700,8448.055988681997,882.0,7800,500,0.761,0,38,A20,0.83
TK2202,IST,KYA,2024-06-01 07:55:00+00:00,2024-06-01 09:20:00+00:00,85,550,184,21,163,0.637,AC_019,B787-9,290,CR_003,269100,18076.94583918042,1485.0,11500,500,0.934,0,39,F26,0.85
TK2203,ESB,IST,2024-06-01 15:20:00+00:00,2024-06-01 16:20:00+00:00,60,325,159,13,146,0.76,AC_003,A321neo,210,CR_045,220700,6517.10541701906,682.5,7800,800,0.754,0,49,D20,0.85
TK2204,ADB,IST,2024-06-01 12:02:00+00:00,2024-06-01 12:57:00+00:00,55,335,152,20,132,0.805,AC_023,B737-8,189,CR_003,228400,6007.266600574002,670.0,6500,800,0.903,0,22,D19,0.82
TK2205,AYT,IST,2024-06-01 12:45:00+00:00,2024-06-01 13:55:00+00:00,70,480,145,13,132,0.772,AC_044,B737-8,189,CR_023,203900,8569.899845185668,960.0,6500,800,0.924,0,42,B31,0.96
TK2206,GNY,IST,2024-06-01 09:29:00+00:00,2024-06-01 10:34:00+00:00,65,420,145,12,133,0.691,AC_048,A321neo,210,CR_115,201600,8343.964939537458,882.0,7800,800,0.879,0,51,F11,0.93
TK2207,KYA,IST,2024-06-01 06:05:00+00:00,2024-06-01 07:30:00+00:00,85,550,122,17,105,0.585,AC_046,A321neo,210,CR_111,185500,10769.22772494586,1155.0,7800,800,0.736,1,10,B14,0.94
TK2208,IST,LHR,2024-06-01 20:04:00+00:00,2024-06-01 23:49:00+00:00,225,2525,232,26,206,0.8,AC_042,A330-300,290,CR_076,338200,79188.73007527826,7322.5,10800,800,0.707,0,49,B6,0.88
TK2209,IST,CDG,2024-06-01 19:41:00+00:00,2024-06-01 23:01:00+00:00,200,2259,160,26,134,0.765,AC_004,A321neo,210,CR_025,251800,45329.277695565615,4743.900000000001,7800,500,0.953,0,41,D20,0.95
TK2210,IST,FRA,2024-06-01 11:05:00+00:00,2024-06-01 14:15:00+00:00,190,2110,163,27,136,0.781,AC_000,A321neo,210,CR_034,257700,42426.6778129009,4431.0,7800,500,0.934,0,40,D6,0.76
TK2211,IST,MUC,2024-06-01 05:56:00+00:00,2024-06-01 09:21:00+00:00,205,2285,167,25,142,0.796,AC_024,A321neo,210,CR_023,257900,46038.90708254753,4798.5,7800,500,0.987,1,34,A24,0.76
TK2212,LHR,IST,2024-06-01 07:34:00+00:00,2024-06-01 11:34:00+00:00,240,2525,177,31,146,0.845,AC_030,A321neo,210,CR_015,283700,51213.87724446599,5302.5,7800,800,0.835,0,17,G6,0.77
TK2213,CDG,IST,2024-06-01 03:19:00+00:00,2024-06-01 06:54:00+00:00,215,2259,162,22,140,0.772,AC_020,A321neo,210,CR_106,245000,45372.44997441307,4743.900000000001,7800,800,0.86,1,37,B27,0.84
TK2214,FRA,IST,2024-06-01 03:55:00+00:00,2024-06-01 07:20:00+00:00,205,2110,141,23,118,0.747,AC_041,B737-8,189,CR_020,222100,37545.216633536285,4220.0,6500,800,0.948,1,18,G37,1.0
TK2215,MUC,IST,2024-06-01 14:25:00+00:00,2024-06-01 18:05:00+00:00,220,2285,164,16,148,0.786,AC_018,A321neo,210,CR_048,233600,45976.28714765032,4798.5,7800,800,0.793,0,25,D12,0.84
TK2216,IST,DXB,2024-06-01 05:03:00+00:00,2024-06-01 09:43:00+00:00,280,3000,236,35,201,0.817,AC_016,B787-9,290,CR_032,363700,101030.51624687202,8100.000000000001,11500,500,0.994,1,38,G28,0.93
TK2217,IST,JFK,2024-06-01 15:16:00+00:00,2024-06-02 02:06:00+00:00,650,8055,227,32,195,0.783,AC_005,B787-9,290,CR_109,346000,270047.48127109144,21748.5,11500,800,0.954,0,14,B21,0.79
TK2218,DXB,IST,2024-06-01 06:09:00+00:00,2024-06-01 10:34:00+00:00,265,3000,216,31,185,0.745,AC_011,A330-300,290,CR_085,330500,93393.0820524869,8700.0,10800,800,0.719,1,44,D38,0.95
TK2219,JFK,IST,2024-06-01 04:48:00+00:00,2024-06-01 14:28:00+00:00,580,8055,155,15,140,0.74,AC_020,A321neo,210,CR_006,220500,161075.42487074464,16915.5,7800,800,0.749,1,8,B22,0.75
TK2220,IST,ESB,2024-06-01 15:51:00+00:00,2024-06-01 16:51:00+00:00,60,325,222,27,195,0.766,AC_027,B787-9,290,CR_057,328500,10869.66230585403,877.5000000000001,11500,500,0.932,0,6,A25,0.77
TK2221,IST,ADB,2024-06-01 07:41:00+00:00,2024-06-01 08:36:00+00:00,55,335,176,22,154,0.84,AC_038,A321neo,210,CR_005,261800,6790.193012823646,703.5,7800,500,0.897,0,29,F19,0.86
TK2222,IST,AYT,2024-06-01 06:07:00+00:00,2024-06-01 07:17:00+00:00,70,480,245,33,212,0.847,AC_007,B787-9,290,CR_084,369900,16229.021379947299,1296.0,11500,500,0.939,1,51,B15,0.98
TK2223,IST,GNY,2024-06-01 06:19:00+00:00,2024-06-01 07:24:00+00:00,65,420,149,20,129,0.713,AC_006,A321neo,210,CR_001,224800,8368.85298427995,882.0,7800,500,0.884,1,49,F3,0.97
TK2224,IST,KYA,2024-06-01 12:27:00+00:00,2024-06-01 13:52:00+00:00,85,550,190,32,158,0.658,AC_042,B787-9,290,CR_047,301600,18128.895767943635,1485.0,11500,500,0.794,0,34,F6,0.99
TK2225,ESB,IST,2024-06-01 05:10:00+00:00,2024-06-01 06:10:00+00:00,60,325,139,18,121,0.739,AC_000,B737-8,189,CR_015,208200,5776.70962741809,650.0,6500,800,0.825,1,25,F30,0.91
TK2226,ADB,IST,2024-06-01 18:30:00+00:00,2024-06-01 19:25:00+00:00,55,335,222,33,189,0.766,AC_032,B787-9,290,CR_002,342300,11204.026201205646,904.5000000000001,11500,800,0.709,0,24,D34,0.8
TK2227,AYT,IST,2024-06-01 21:27:00+00:00,2024-06-01 22:37:00+00:00,70,480,171,28,143,0.815,AC_037,A321neo,210,CR_115,269600,9695.646221565232,1008.0,7800,800,0.862,0,23,A11,0.98
TK2228,GNY,IST,2024-06-01 08:23:00+00:00,2024-06-01 09:28:00+00:00,65,420,223,25,198,0.772,AC_047,A330-300,290,CR_089,325100,13121.595935205352,1218.0,10800,800,0.914,0,30,A33,0.81
TK2229,KYA,IST,2024-06-01 08:46:00+00:00,2024-06-01 10:11:00+00:00,85,550,191,18,173,0.659,AC_022,B787-9,290,CR_074,270600,18131.236061832413,1485.0,11500,800,0.886,0,26,D17,0.96
TK2230,IST,LHR,2024-06-01 21:34:00+00:00,2024-06-02 01:19:00+00:00,225,2525,169,13,156,0.807,AC_038,A321neo,210,CR_046,232700,50953.74778868076,5302.5,7800,800,0.75,0,24,D1,0.96
TK2231,IST,CDG,2024-06-01 14:03:00+00:00,2024-06-01 17:23:00+00:00,200,2259,164,27,137,0.783,AC_037,A321neo,210,CR_046,258900,45437.63932037565,4743.900000000001,7800,500,0.808,0,25,B35,0.94
TK2232,IST,FRA,2024-06-01 16:35:00+00:00,2024-06-01 19:45:00+00:00,190,2110,170,27,143,0.814,AC_014,A321neo,210,CR_076,266100,42617.50158702246,4431.0,7800,500,0.778,0,37,A6,0.92
TK2233,IST,MUC,2024-06-01 05:55:00+00:00,2024-06-01 09:20:00+00:00,205,2285,170,20,150,0.81,AC_035,A321neo,210,CR_013,250000,46124.62659997785,4798.5,7800,500,0.814,1,39,G19,0.99
TK2234,LHR,IST,2024-06-01 10:24:00+00:00,2024-06-01 14:24:00+00:00,240,2525,230,40,190,0.794,AC_047,B787-9,290,CR_021,368000,84769.2684414941,6817.5,11500,800,0.912,0,50,B3,0.94
TK2235,CDG,IST,2024-06-01 02:06:00+00:00,2024-06-01 05:41:00+00:00,215,2259,150,21,129,0.797,AC_018,B737-8,189,CR_072,228300,40466.66526705721,4518.0,6500,800,0.962,1,18,A38,0.78
TK2236,FRA,IST,2024-06-01 07:08:00+00:00,2024-06-01 10:33:00+00:00,205,2110,228,25,203,0.789,AC_034,B787-9,290,CR_074,331100,70793.67443368385,5697.0,11500,800,0.768,0,18,B30,0.9
TK2237,MUC,IST,2024-06-01 18:01:00+00:00,2024-06-01 21:41:00+00:00,220,2285,222,32,190,0.768,AC_021,B787-9,290,CR_109,340000,76445.65215532026,6169.5,11500,800,0.968,0,20,D29,0.96
TK2238,IST,DXB,2024-06-01 10:10:00+00:00,2024-06-01 14:50:00+00:00,280,3000,172,28,144,0.821,AC_043,A321neo,210,CR_066,270800,60647.252696493546,6300.0,7800,500,0.734,0,13,B9,0.92
TK2239,IST,JFK,2024-06-01 18:00:00+00:00,2024-06-02 04:50:00+00:00,650,8055,149,12,137,0.791,AC_046,B737-8,189,CR_086,206400,144180.16709935563,16110.0,6500,800,0.725,0,16,D15,0.9
TK2240,DXB,IST,2024-06-01 10:39:00+00:00,2024-06-01 15:04:00+00:00,265,3000,158,25,133,0.837,AC_003,B737-8,189,CR_050,247100,54025.670261224135,6000.0,6500,800,0.903,0,32,B28,0.81
TK2241,JFK,IST,2024-06-01 20:43:00+00:00,2024-06-02 06:23:00+00:00,580,8055,233,40,193,0.805,AC_026,A330-300,290,CR_033,371600,252786.8652994106,23359.5,10800,800,0.923,0,5,D8,0.91
TK2242,IST,ESB,2024-06-01 07:16:00+00:00,2024-06-01 08:16:00+00:00,60,325,227,38,189,0.784,AC_041,B787-9,290,CR_082,359800,10896.9614579176,877.5000000000001,11500,500,0.991,0,33,D35,0.8
TK2243,IST,ADB,2024-06-01 07:55:00+00:00,2024-06-01 08:50:00+00:00,55,335,168,23,145,0.801,AC_037,A321neo,210,CR_060,254500,6754.701602161561,703.5,7800,500,0.956,0,53,B8,0.76
TK2244,IST,AYT,2024-06-01 08:20:00+00:00,2024-06-01 09:30:00+00:00,70,480,218,26,192,0.752,AC_040,B787-9,290,CR_053,321400,16024.258490306962,1296.0,11500,500,0.819,0,41,F17,0.78
TK2245,IST,GNY,2024-06-01 12:40:00+00:00,2024-06-01 13:45:00+00:00,65,420,152,12,140,0.727,AC_010,A321neo,210,CR_063,210000,8384.792068978484,882.0,7800,500,0.713,0,15,A13,0.98
TK2246,IST,KYA,2024-06-01 09:18:00+00:00,2024-06-01 10:43:00+00:00,85,550,206,31,175,0.713,AC_047,B787-9,290,CR_011,318500,18265.303577439263,1485.0,11500,500,0.789,0,30,G39,0.99
TK2247,ESB,IST,2024-06-01 17:45:00+00:00,2024-06-01 18:45:00+00:00,60,325,218,18,200,0.753,AC_046,A330-300,290,CR_108,303000,10127.491283204976,942.5,10800,800,0.718,0,51,D20,0.92
TK2248,ADB,IST,2024-06-01 09:35:00+00:00,2024-06-01 10:30:00+00:00,55,335,221,26,195,0.764,AC_048,B787-9,290,CR_083,325000,11202.444681887639,904.5000000000001,11500,800,0.721,0,19,G39,0.85
TK2249,AYT,IST,2024-06-01 14:50:00+00:00,2024-06-01 16:00:00+00:00,70,480,165,22,143,0.788,AC_013,A321neo,210,CR_009,248600,9660.891281252047,1008.0,7800,800,0.891,0,13,G39,0.97
TK2250,GNY,IST,2024-06-01 05:01:00+00:00,2024-06-01 06:06:00+00:00,65,420,223,39,184,0.771,AC_016,A330-300,290,CR_001,357300,13120.544899862836,1218.0,10800,800,0.908,1,16,A35,0.86
TK2251,KYA,IST,2024-06-01 09:36:00+00:00,2024-06-01 11:01:00+00:00,85,550,192,17,175,0.665,AC_030,B787-9,290,CR_048,269500,18145.07006885177,1485.0,11500,800,0.84,0,28,A38,0.96
TK2252,IST,LHR,2024-06-01 10:34:00+00:00,2024-06-01 14:19:00+00:00,225,2525,238,39,199,0.823,AC_043,A330-300,290,CR_029,375300,79430.48686974825,7322.5,10800,800,0.94,0,7,B3,0.96
TK2253,IST,CDG,2024-06-01 10:39:00+00:00,2024-06-01 13:59:00+00:00,200,2259,147,24,123,0.778,AC_035,B737-8,189,CR_031,231600,40360.922505308015,4518.0,6500,500,0.818,0,28,F39,0.88
TK2254,IST,FRA,2024-06-01 14:36:00+00:00,2024-06-01 17:46:00+00:00,190,2110,228,21,207,0.788,AC_009,B787-9,290,CR_028,321900,70779.00857886625,5697.0,11500,500,0.894,0,32,F35,0.84
TK2255,IST,MUC,2024-06-01 09:48:00+00:00,2024-06-01 13:13:00+00:00,205,2285,238,21,217,0.821,AC_004,B787-9,290,CR_063,333900,76993.84937692239,6169.5,11500,500,0.859,0,52,F12,0.89
TK2256,LHR,IST,2024-06-01 06:49:00+00:00,2024-06-01 10:49:00+00:00,240,2525,229,29,200,0.791,AC_044,B787-9,290,CR_074,341500,84738.26501675627,6817.5,11500,800,0.815,1,31,G27,0.79
TK2257,CDG,IST,2024-06-01 16:14:00+00:00,2024-06-01 19:49:00+00:00,215,2259,231,29,202,0.799,AC_036,B787-9,290,CR_041,343900,75896.52341761548,6099.3,11500,800,0.951,0,41,D37,0.87
TK2258,FRA,IST,2024-06-01 23:08:00+00:00,2024-06-02 02:33:00+00:00,205,2110,164,19,145,0.786,AC_021,A321neo,210,CR_111,240500,42456.177987424315,4431.0,7800,800,0.862,1,41,D13,0.89
TK2259,MUC,IST,2024-06-01 17:50:00+00:00,2024-06-01 21:30:00+00:00,220,2285,231,26,205,0.798,AC_031,A330-300,290,CR_097,337000,71637.52957348005,6626.5,10800,800,0.913,0,53,A21,0.84
TK2260,IST,DXB,2024-06-01 20:38:00+00:00,2024-06-02 01:18:00+00:00,280,3000,168,23,145,0.8,AC_012,A321neo,210,CR_098,254500,60482.71634478609,6300.0,7800,500,0.888,0,15,A36,0.85
TK2261,IST,JFK,2024-06-01 18:39:00+00:00,2024-06-02 05:29:00+00:00,650,8055,250,28,222,0.797,AC_018,A350-900,314,CR_023,364400,288561.69979732425,19332.0,13200,800,0.76,0,25,F8,0.76
TK2262,DXB,IST,2024-06-01 13:18:00+00:00,2024-06-01 17:43:00+00:00,265,3000,178,24,154,0.85,AC_044,A321neo,210,CR_053,268800,60887.57974035246,6300.0,7800,800,0.838,0,25,B11,0.89
TK2263,JFK,IST,2024-06-01 15:40:00+00:00,2024-06-02 01:20:00+00:00,580,8055,214,35,179,0.739,AC_005,B787-9,290,CR_011,337300,268444.7875901693,21748.5,11500,800,0.745,0,23,A26,1.0
TK2264,IST,ESB,2024-06-01 17:54:00+00:00,2024-06-01 18:54:00+00:00,60,325,151,15,136,0.722,AC_022,A321neo,210,CR_087,215700,6483.623221341371,682.5,7800,500,0.816,0,15,D17,0.97
TK2265,IST,ADB,2024-06-01 09:50:00+00:00,2024-06-01 10:45:00+00:00,55,335,246,34,212,0.786,AC_003,A350-900,314,CR_110,373400,11984.35479661024,804.0,13200,500,0.942,0,39,B9,0.76
TK2266,IST,AYT,2024-06-01 14:32:00+00:00,2024-06-01 15:42:00+00:00,70,480,233,30,203,0.805,AC_030,B787-9,290,CR_109,348600,16137.914026285986,1296.0,11500,500,0.92,0,54,A32,0.98
TK2267,IST,GNY,2024-06-01 17:09:00+00:00,2024-06-01 18:14:00+00:00,65,420,226,21,205,0.78,AC_015,B787-9,290,CR_020,319500,14074.469631949858,1134.0,11500,500,0.946,0,45,F24,0.93
TK2268,IST,KYA,2024-06-01 16:34:00+00:00,2024-06-01 17:59:00+00:00,85,550,138,11,127,0.659,AC_035,A321neo,210,CR_064,190900,10877.98456769753,1155.0,7800,500,0.95,0,5,D15,0.79
TK2269,ESB,IST,2024-06-01 16:08:00+00:00,2024-06-01 17:08:00+00:00,60,325,230,36,194,0.794,AC_034,A330-300,290,CR_035,358800,10184.171293912563,942.5,10800,800,0.884,0,44,A23,0.87
TK2270,ADB,IST,2024-06-01 09:29:00+00:00,2024-06-01 10:24:00+00:00,55,335,256,35,221,0.884,AC_033,B787-9,290,CR_095,387700,11383.19950905694,904.5000000000001,11500,800,0.702,0,23,G38,0.82
TK2271,AYT,IST,2024-06-01 12:41:00+00:00,2024-06-01 13:51:00+00:00,70,480,241,25,216,0.831,AC_001,B787-9,290,CR_101,346700,16195.789467512934,1296.0,11500,800,0.722,0,17,D31,0.81
TK2272,GNY,IST,2024-06-01 16:13:00+00:00,2024-06-01 17:18:00+00:00,65,420,147,12,135,0.701,AC_038,A321neo,210,CR_102,204000,8355.193758360323,882.0,7800,800,0.768,0,45,G30,0.99
TK2273,KYA,IST,2024-06-01 08:56:00+00:00,2024-06-01 10:21:00+00:00,85,550,132,20,112,0.632,AC_016,A321neo,210,CR_030,204400,10838.654613271883,1155.0,7800,800,0.916,0,36,B10,0.9
TK2274,IST,LHR,2024-06-01 04:31:00+00:00,2024-06-01 08:16:00+00:00,225,2525,151,15,136,0.719,AC_023,A321neo,210,CR_052,215700,50352.19496687431,5302.5,7800,800,0.787,1,34,B4,0.79
TK2275,IST,CDG,2024-06-01 07:54:00+00:00,2024-06-01 11:14:00+00:00,200,2259,255,24,231,0.882,AC_017,A330-300,290,CR_033,361200,71620.48955797474,6551.099999999999,10800,500,0.947,0,15,A12,0.85
TK2276,IST,FRA,2024-06-01 06:28:00+00:00,2024-06-01 09:38:00+00:00,190,2110,228,37,191,0.787,AC_005,B787-9,290,CR_040,358700,70771.4655866684,5697.0,11500,500,0.774,1,33,B28,0.78
TK2277,IST,MUC,2024-06-01 07:26:00+00:00,2024-06-01 10:51:00+00:00,205,2285,167,27,140,0.796,AC_035,A321neo,210,CR_067,262500,46042.20295696272,4798.5,7800,500,0.972,0,17,F19,0.98
TK2278,LHR,IST,2024-06-01 20:36:00+00:00,2024-06-02 00:36:00+00:00,240,2525,176,28,148,0.84,AC_009,A321neo,210,CR_054,275600,51173.44951823787,5302.5,7800,800,0.742,0,25,A21,0.97
TK2279,CDG,IST,2024-06-01 07:10:00+00:00,2024-06-01 10:45:00+00:00,215,2259,233,40,193,0.804,AC_024,B787-9,290,CR_046,371600,75947.48987990535,6099.3,11500,800,0.789,0,25,D20,0.95
TK2280,FRA,IST,2024-06-01 04:36:00+00:00,2024-06-01 08:01:00+00:00,205,2110,145,24,121,0.693,AC_046,A321neo,210,CR_098,229200,41927.97217035839,4431.0,7800,800,0.733,1,18,G35,0.84
TK2281,MUC,IST,2024-06-01 16:17:00+00:00,2024-06-01 19:57:00+00:00,220,2285,225,30,195,0.779,AC_030,B787-9,290,CR_099,339000,76557.94039351543,6169.5,11500,800,0.916,0,13,G9,0.97
TK2282,IST,DXB,2024-06-01 14:35:00+00:00,2024-06-01 19:15:00+00:00,280,3000,257,28,229,0.889,AC_007,A330-300,290,CR_087,372800,95199.35443101394,8700.0,10800,500,0.895,0,22,G3,0.83
TK2283,IST,JFK,2024-06-01 09:39:00+00:00,2024-06-01 20:29:00+00:00,650,8055,179,22,157,0.854,AC_035,A321neo,210,CR_064,265400,163565.17917108446,16915.5,7800,800,0.726,0,47,B35,0.92
TK2284,DXB,IST,2024-06-01 16:52:00+00:00,2024-06-01 21:17:00+00:00,265,3000,164,13,151,0.87,AC_037,B737-8,189,CR_036,226700,54261.357411480996,6000.0,6500,800,0.801,0,26,D17,0.78
TK2285,JFK,IST,2024-06-01 12:46:00+00:00,2024-06-01 22:26:00+00:00,580,8055,159,17,142,0.759,AC_023,A321neo,210,CR_011,229900,161507.36498998373,16915.5,7800,800,0.917,0,29,D36,0.76
TK2286,IST,ESB,2024-06-01 16:54:00+00:00,2024-06-01 17:54:00+00:00,60,325,169,22,147,0.809,AC_011,A321neo,210,CR_057,253400,6559.5598841719875,682.5,7800,500,0.738,0,46,G30,0.84
TK2287,IST,ADB,2024-06-01 10:31:00+00:00,2024-06-01 11:26:00+00:00,55,335,246,26,220,0.849,AC_006,B787-9,290,CR_032,355000,11329.456599260187,904.5000000000001,11500,500,0.804,0,16,D16,0.89
TK2288,IST,AYT,2024-06-01 13:35:00+00:00,2024-06-01 14:45:00+00:00,70,480,236,37,199,0.817,AC_044,A330-300,290,CR_071,368300,15086.938271814828,1392.0,10800,500,0.819,0,8,B3,0.93
TK2289,IST,GNY,2024-06-01 14:12:00+00:00,2024-06-01 15:17:00+00:00,65,420,141,21,120,0.75,AC_043,B737-8,189,CR_086,217500,7475.75619293967,840.0,6500,500,0.717,0,30,B9,0.81
TK2290,IST,KYA,2024-06-01 14:10:00+00:00,2024-06-01 15:35:00+00:00,85,550,132,13,119,0.63,AC_025,A321neo,210,CR_105,188300,10834.94621294875,1155.0,7800,500,0.954,0,49,B19,0.79
TK2291,ESB,IST,2024-06-01 14:46:00+00:00,2024-06-01 15:46:00+00:00,60,325,138,13,125,0.735,AC_042,B737-8,189,CR_074,195500,5773.569524069168,650.0,6500,800,0.943,0,51,A38,0.82
TK2292,ADB,IST,2024-06-01 18:40:00+00:00,2024-06-01 19:35:00+00:00,55,335,177,30,147,0.845,AC_040,A321neo,210,CR_083,281400,6793.923199163024,703.5,7800,800,0.834,0,37,B38,0.88
TK2293,AYT,IST,2024-06-01 12:20:00+00:00,2024-06-01 13:30:00+00:00,70,480,177,31,146,0.845,AC_037,A321neo,210,CR_005,283700,9734.5470971459,1008.0,7800,800,0.979,0,22,B14,0.89
TK2294,GNY,IST,2024-06-01 04:29:00+00:00,2024-06-01 05:34:00+00:00,65,420,150,25,125,0.718,AC_032,A321neo,210,CR_107,237500,8373.866902765863,882.0,7800,800,0.741,1,15,F13,0.88
TK2295,KYA,IST,2024-06-01 14:40:00+00:00,2024-06-01 16:05:00+00:00,85,550,148,14,134,0.705,AC_047,A321neo,210,CR_098,209800,10946.820415894535,1155.0,7800,800,0.822,0,30,G12,0.81
TK2296,IST,LHR,2024-06-01 14:54:00+00:00,2024-06-01 18:39:00+00:00,225,2525,165,24,141,0.787,AC_015,A321neo,210,CR_042,253200,50816.072908882605,5302.5,7800,800,0.993,0,12,A13,0.96
TK2297,IST,CDG,2024-06-01 07:29:00+00:00,2024-06-01 10:49:00+00:00,200,2259,250,36,214,0.863,AC_016,A330-300,290,CR_038,382800,71436.91968202865,6551.099999999999,10800,500,0.749,0,28,B22,0.96
TK2298,IST,FRA,2024-06-01 17:35:00+00:00,2024-06-01 20:45:00+00:00,190,2110,173,17,156,0.825,AC_020,A321neo,210,CR_042,246700,42678.54113213842,4431.0,7800,500,0.767,0,44,A2,0.88
TK2299,IST,MUC,2024-06-01 07:26:00+00:00,2024-06-01 10:51:00+00:00,205,2285,147,12,135,0.782,AC_043,B737-8,189,CR_066,204000,40846.84773062407,4570.0,6500,500,0.899,0,14,F36,0.82
